{
  "experiment_id": "exp_location_easy_location_2926_20250624_204128",
  "mlflow_run_id": "fed69b0e603448a8b068ea4c81b0578e",
  "config": {
    "episodes": 500,
    "max_steps": 200,
    "seed": 42,
    "batch_size": 32,
    "memory_size": 20000,
    "lr": 0.0005,
    "gamma": 1.0,
    "epsilon_init": 0.95,
    "epsilon_min": 0.2,
    "hidden_dim": 128,
    "target_sync_freq": 50,
    "detect_range": 4,
    "goal_threshold": 15.0,
    "use_distance": true,
    "use_direction": false,
    "use_stalling": false,
    "destination": 0,
    "name": "location_easy_location",
    "description": "",
    "tags": []
  },
  "metrics": {
    "best_reward": 9.21188655466852,
    "best_episode": 367,
    "avg_reward": -10.18272833389848,
    "std_reward": 26.981884061663557,
    "final_avg_reward": 7.583175894378319,
    "num_goals": 411,
    "goal_rate": 0.822,
    "avg_steps_to_goal": 79.84428223844282,
    "best_steps_to_goal": 11,
    "total_steps": 32816,
    "training_time": 135.94715666770935,
    "convergence_episode": 51,
    "action_counts": [
      10390,
      10170,
      12256
    ],
    "action_percentages": [
      31.66138469039493,
      30.99098000975134,
      37.347635299853735
    ],
    "reward_trend": "improving",
    "learning_stability": 2.649769607605105
  },
  "rewards_history": [
    -72.50521411936707,
    -91.42407972092833,
    -71.7718074376848,
    -81.79132003963522,
    -75.49257403083422,
    -75.6663144306181,
    -47.73262445790366,
    -76.13349216862552,
    -10.007938564400963,
    -42.19133127548017,
    -47.73275146331451,
    -60.054373674366815,
    -34.15057607692794,
    -68.03635084968695,
    -28.062815445262004,
    -63.64617110552797,
    2.707388911097367,
    -1.2864925788333599,
    -33.86340997465844,
    -77.61383053600836,
    -8.207937040425822,
    -65.18512796867125,
    -70.06220552702236,
    -5.03389972653088,
    -66.41719991091696,
    -11.58220998613491,
    -10.003584218975332,
    -72.61776442638256,
    -73.98524549239411,
    -65.00590308956261,
    -75.00814651986511,
    -0.8694544765770873,
    -59.34389354977635,
    -57.55978765141401,
    6.944614148139836,
    -69.40119907702757,
    -69.29812537556825,
    8.355684582324743,
    -65.90557280900022,
    -71.02893455688216,
    -32.7791565999643,
    5.836038850571598,
    -71.59667511682798,
    -70.20935455746786,
    -67.12866509611895,
    5.797432182936226,
    -72.69940773377027,
    2.854460810389788,
    -65.48269988552919,
    6.864555984717589,
    -6.849911712134329,
    -71.88938647289895,
    -77.15410680358167,
    -64.92355955309192,
    -66.16889777063182,
    -18.465792037459913,
    1.7560666466131662,
    -66.29729542048541,
    -52.98419512367292,
    -59.49539874724684,
    -80.8957965256262,
    -64.55429106731609,
    -63.61900575789901,
    -69.08180679986407,
    -68.36609115297003,
    -55.764367403952264,
    -65.41473111558601,
    -53.62603764186188,
    -60.228560695725534,
    2.8964170895643706,
    -62.084050900990945,
    -9.2027040763144,
    -38.365110801490296,
    -1.8035829104356225,
    -72.77420288799156,
    -78.36773894087055,
    -59.37135815772762,
    -1.474887260019254,
    -9.88783995926286,
    -55.42010217221933,
    -54.4963826280865,
    -39.09650282744163,
    -63.101268173406105,
    4.349300072766993,
    -57.438474792525874,
    -45.27488726001938,
    -61.79764279279178,
    -61.977275701938034,
    1.5650174175626117,
    4.740298384028841,
    -24.64419510569662,
    -44.5488732839423,
    -62.664947273648735,
    -59.183373736716554,
    -36.995153646633874,
    -59.86157288809384,
    -63.889643391164654,
    -49.97805539834152,
    -0.02641462730547861,
    -10.067480989142688,
    -57.18795383941585,
    6.133702738790872,
    -14.544237963007685,
    -7.843505847513326,
    -62.65050847119964,
    -59.13250037354638,
    -27.81719974406535,
    -35.96713902594318,
    -63.58102389703726,
    -53.61230905638043,
    -15.670066769577016,
    -29.081829716657865,
    -58.78456563500747,
    -59.83361863282036,
    -49.3108165795519,
    -57.71494333634647,
    -56.78394510976145,
    -48.80867335677527,
    -35.17006451583733,
    -52.774404784771356,
    -70.97786137191677,
    -5.931621954180683,
    -52.54499888524954,
    -50.37784071592183,
    4.270292728163102,
    5.543761615189686,
    -54.20000000000015,
    -62.844140764343095,
    -29.307551611268416,
    -45.282391482887434,
    -3.951065494733456,
    -56.750519581154805,
    -56.149334806172625,
    -36.560801538279776,
    -33.98455317621902,
    7.730987033500869,
    0.1305455234229118,
    -59.26637882740461,
    -1.3766527214397666,
    6.846687300731107,
    -3.9910506839095667,
    -16.35765127942727,
    -15.353312699268898,
    5.464993924219824,
    -5.087889785549283,
    -22.779525713911855,
    -10.937272409089713,
    7.420515124907651,
    6.3118865546685194,
    -36.033211419504326,
    -7.601396828936391,
    -4.476651195868024,
    -7.4096484296812815,
    -72.11230613633336,
    -41.88306087529471,
    -34.69726868491613,
    -3.7397610812961446,
    -45.38008880463591,
    -61.87551010302738,
    2.696023629232058,
    -0.7414449810516253,
    2.561162781634904,
    -14.1671908041702,
    -20.21305158020154,
    -12.573063602942302,
    -2.631620325993021,
    2.0008653927275724,
    -37.27277488230524,
    -58.012995181825154,
    4.926410340111375,
    -5.025773841364137,
    2.6064878056422516,
    -48.62087346593886,
    -2.2156552261695017,
    -5.271272942838296,
    0.8719316908698573,
    3.542632851159784,
    1.2844622230432594,
    -5.145957919466463,
    -3.833899726530875,
    -4.90962432562759,
    6.039042300350397,
    2.233704260031164,
    -49.46535597732706,
    -2.3227865394374048,
    -2.414757506058713,
    -24.98419370214342,
    -54.1868980406446,
    5.813354890588585,
    -4.800731573645521,
    2.0544606943970543,
    3.54448204341226,
    2.7103834722112126,
    -15.277979672714835,
    3.2519983144817957,
    -3.3220269969229363,
    -1.2121066888142842,
    7.877213460562588,
    6.8558048943034064,
    1.4772150377976283,
    6.21188655466852,
    2.1181780736724867,
    -2.3155377769567327,
    4.656068194208407,
    5.1903742331019105,
    5.693211348388033,
    4.139464649537892,
    5.83054552342291,
    8.60611595839193,
    4.29538843130198,
    8.787893311185712,
    6.03054552342291,
    7.266100273469117,
    3.0389632774289654,
    -8.053312699268888,
    -2.9227865394374097,
    -10.95917568808859,
    3.1661002734691164,
    2.966100273469117,
    3.928590206394328,
    4.799786225048939,
    5.7920614355990425,
    6.6086687245199505,
    3.0977006700434666,
    7.640824311911408,
    -0.5079385644009538,
    5.768626265717723,
    -1.029641822564674,
    6.0772134605625885,
    6.0772134605625885,
    5.445804876556146,
    2.4240398721970045,
    1.8305455234229155,
    4.5301139223601945,
    -0.0670841097576691,
    -14.522786539437423,
    4.238413475929969,
    -0.40530551641382484,
    6.192061435599043,
    7.187893311185713,
    7.2997862250489405,
    5.4448152579336915,
    7.377973003077061,
    6.710383472211214,
    2.299786225048941,
    4.845562693720975,
    2.9771629704920133,
    5.424993239322832,
    -9.361042404001136,
    8.887893311185712,
    5.1444820434122605,
    5.97516935232528,
    5.74448204341226,
    6.455804894303407,
    2.600189031644336,
    6.896639416077967,
    -0.02278653943740494,
    -11.212106688814284,
    4.677213460562588,
    6.655803368586772,
    5.5772134605625885,
    6.1249932393228335,
    5.16430865228185,
    6.092061435599042,
    7.897357280215933,
    6.9903515703187065,
    3.2355489502908634,
    7.496640933831035,
    4.645804876556145,
    5.066100273469116,
    -2.6533126992688896,
    0.19206143559904554,
    -3.1441966314132213,
    0.3772134605625901,
    7.824041386039211,
    -2.274885746356701,
    0.47721346056258973,
    6.387893311185712,
    -41.51230462167343,
