{
  "experiment_id": "exp_location_auditorium_3014_20250623_164157",
  "mlflow_run_id": "7a2bc86d3fd745b9aa0e90f7eb78a6ea",
  "config": {
    "episodes": 500,
    "max_steps": 500,
    "seed": 42,
    "batch_size": 32,
    "memory_size": 20000,
    "lr": 0.0005,
    "gamma": 1.0,
    "epsilon_init": 0.95,
    "epsilon_min": 0.2,
    "hidden_dim": 128,
    "target_sync_freq": 50,
    "detect_range": 4,
    "goal_threshold": 15.0,
    "use_distance": true,
    "use_direction": false,
    "use_stalling": false,
    "destination": 2,
    "name": "location_auditorium",
    "description": "",
    "tags": []
  },
  "metrics": {
    "best_reward": 21.612935766112642,
    "best_episode": 467,
    "avg_reward": -76.30065780595501,
    "std_reward": 53.945351776190996,
    "final_avg_reward": -27.18111886853991,
    "num_goals": 180,
    "goal_rate": 0.36,
    "avg_steps_to_goal": 1141.4944444444445,
    "best_steps_to_goal": 55,
    "total_steps": 205469,
    "training_time": 1054.3525786399841,
    "convergence_episode": 122,
    "action_counts": [
      49626,
      77755,
      78088
    ],
    "action_percentages": [
      24.152548559636735,
      37.84269159824596,
      38.0047598421173
    ],
    "reward_trend": "improving",
    "learning_stability": 0.7070103106238325
  },
  "rewards_history": [
    -175.31048753301795,
    -193.20217005251962,
    -191.96191319989492,
    -156.32843447033397,
    -171.88288670672168,
    -152.16895875149123,
    -172.22666336676622,
    -133.72351647402937,
    -154.05695121401658,
    -173.80794911145074,
    -142.72987915127746,
    -133.8729223353758,
    -152.45328866572078,
    -173.46628239342724,
    -139.76376501305364,
    -193.7516751653157,
    -165.11109560106672,
    -161.23955632737466,
    -192.1485007037363,
    -163.58400937039983,
    -162.6877418441749,
    -168.13935251276246,
    -175.25452042746866,
    -148.2969204610506,
    -165.29523304269858,
    -173.8072624415425,
    -197.70241982492064,
    -158.46040298419626,
    -173.2032958666491,
    -163.37188120845724,
    -149.0694156996032,
    -168.00150441631928,
    -158.42349520542945,
    -157.94552523927896,
    -138.4942024741578,
    -152.42814463722772,
    -168.13935257341421,
    -133.7561634213681,
    -149.5522239843759,
    -130.36162562384982,
    -140.52565240902553,
    -151.25040267740337,
    -146.329751789684,
    -139.69401719470218,
    -146.54730556652902,
    -147.60627907052083,
    -175.47420648432268,
    -132.30859722087266,
    -114.33179184146618,
    -145.57365003849563,
    -121.63095880401883,
    -148.28493100209545,
    -142.47489158409715,
    -138.06893242025242,
    -129.0809501658102,
    -162.06204165161742,
    -135.36969476373542,
    -151.39607499545116,
    -141.40754133826889,
    -121.12750502437319,
    -127.0366193943493,
    -124.60318362291497,
    -137.04837274358945,
    -117.62182447364643,
    -113.45885250644143,
    -120.64087279577545,
    -116.53851683000728,
    -136.39199425522918,
    -154.36610921005678,
    -101.30874587963986,
    -158.05918418176284,
    -137.93762869453482,
    -106.1603971104449,
    -130.2684004777719,
    -121.27686869480775,
    -110.20251541875523,
    -135.0664661755532,
    -135.33996940904234,
    -113.25459728126036,
    -122.38095515801061,
    -145.99824884552237,
    -112.52352067980434,
    -125.68056504561612,
    -103.09872663381417,
    -118.04480781312068,
    -150.70555486717464,
    -130.1181678530503,
    -88.92042488252808,
    -92.85635027246194,
    -116.40570698249519,
    -130.8040627644127,
    -136.73659278516897,
    -115.97862597201795,
    -117.96152265922355,
    -130.1283473805559,
    -118.66419025226017,
    -105.15991078817449,
    -50.05411883606537,
    -111.48670127224558,
    -107.48484860642102,
    -125.25306012099193,
    -125.30161986314127,
    -120.08643111879478,
    -115.69958976617433,
    -121.03772153444504,
    -110.29515491816794,
    -113.75330496336599,
    -111.15618784731444,
    -136.8133312503962,
    -106.70603030886907,
    -106.28490266113508,
    -121.63788325245586,
    -97.68892358612547,
    -111.91249894558047,
    -137.92974117074928,
    -101.23503336680605,
    -106.35843356595734,
    -110.30581166539228,
    -110.79117485880423,
    -121.8697088495149,
    -123.65527080144656,
    -120.01230741213452,
    -91.48584229269889,
    -122.11661816253175,
    -108.14984945923939,
    -96.69616574026514,
    -125.09836281434558,
    -116.15582160704628,
    -90.5444579816768,
    -100.72841105751321,
    -99.61327326637276,
    -95.10915318489471,
    -83.29555174101965,
    -109.23493918704368,
    -110.18042863497885,
    -100.8250398194258,
    -173.9108307708817,
    -96.0232990289197,
    -94.67257723574664,
    -40.47810677262184,
    -99.47562731161769,
    -93.43249358335225,
    -120.74673304305227,
    -83.04162422134848,
    -103.44425254650317,
    -117.63046394536913,
    -115.80864251481665,
    -113.87767287322542,
    -108.91707110547482,
    -92.09061852971871,
    -84.75114534186767,
    -97.85611364940706,
    -90.27025145922691,
    -103.45732452347556,
    -98.1709484058531,
    -91.29083331205653,
    -95.14566811869612,
    -85.6505114753361,
    -105.28501646630014,
    -108.86546579642611,
    -99.34079255676706,
    -96.55328064027177,
    -78.8975270452457,
    -103.51586318916108,
    -128.6770351059265,
    -110.35475440641669,
    -98.89200522306567,
    -92.0339885235997,
    -109.12588951887336,
    -105.81095054748593,
    -103.26096209277584,
    -70.1909096036537,
    -99.70781857696514,
    -93.74637962827266,
    -89.12247809841664,
    -108.94752019657821,
    -104.5361385881784,
    -66.16599974930988,
    -85.66453202179883,
    -109.07883763593432,
    -105.77339512038446,
    -104.8740342724853,
    -72.51557151679702,
    -99.84436722128216,
    -27.25155297258833,
    -83.0908040126573,
    -92.07113593545927,
    -92.35472386086492,
    -75.60062046355097,
    -96.29781465136443,
    -88.33035126360402,
    -8.072824376545965,
    -14.580610717698402,
    -26.43062012910508,
    -105.43671934201767,
    -111.8840464063615,
    -83.00376726733907,
    -9.65101139052219,
    -94.85753797467984,
    -94.27916915683306,
    -92.85466027821478,
    -38.15380015774989,
    -74.90233942744112,
    -85.51318569660711,
    -95.30531264084242,
    -86.10971674087429,
    -91.72261015646424,
    -79.81750304948734,
    -74.9421391894788,
    -84.65134331317631,
    -30.41783784082864,
    -94.12955517741871,
    -88.15442597600102,
    -86.44822237042796,
    -86.45072663996159,
    -95.12960570877583,
    -59.568728227324456,
    -81.3063566002448,
    2.613253966734952,
    -81.50524551936385,
    -91.12114791821705,
    -6.434690067331934,
    -87.42556615910836,
    -79.46608427356145,
    -77.86590362034593,
    -77.44900923217455,
    -77.3544354560188,
    -75.15636664914894,
    -123.19287971891148,
    -97.10843056906178,
    -72.99646656245945,
    -73.65045543134234,
    -70.00045487938436,
    -71.51413829306017,
    -74.49459358965608,
    -80.14970143436388,
    -93.21818217834624,
    -92.88292911978235,
    -75.81789526256684,
    -92.32460007418037,
    -81.70664952952517,
    -90.47303553986383,
    -71.74403676500796,
    -92.67716990098285,
    -54.89725009614627,
    -18.63556612429688,
    -67.41966683682226,
    -29.651166898283257,
    -83.69858245787005,
    -52.16968152672809,
    -75.55714357184914,
    -25.5765458807813,
    -88.75797256760805,
    -36.18268441741823,
    -22.224967406412745,
    -81.93192850464919,
    -85.77927054806767,
    -53.1362210959664,
    -48.64391882233671,
    -59.060178619935186,
    -93.59314915379083,
    -87.63211191400367,
    -33.78188036977206,
    -2.4162677793013465,
    -79.15613434562661,
    -92.00506954750435,
    -76.57414276643608,
    -71.29496542919723,
    -95.53278259750947,
    -68.67907923093775,
    0.7721169710259987,
    -78.93759767955528,
    -84.5979436736629,
