{
  "experiment_id": "exp_dudqn_direction_markthal_mem20000_6626_20250625_105825",
  "mlflow_run_id": "2e861d874e45432c9faa2780b6b546cf",
  "config": {
    "episodes": 500,
    "max_steps": 200,
    "seed": 42,
    "batch_size": 32,
    "memory_size": 20000,
    "lr": 0.0005,
    "gamma": 1.0,
    "epsilon_init": 0.95,
    "epsilon_min": 0.2,
    "hidden_dim": 128,
    "target_sync_freq": 50,
    "detect_range": 4,
    "goal_threshold": 15.0,
    "use_distance": false,
    "use_direction": true,
    "use_stalling": false,
    "destination": 1,
    "name": "dudqn_direction_markthal_mem20000",
    "description": "",
    "tags": []
  },
  "metrics": {
    "best_reward": -40.66292941422981,
    "best_episode": 40,
    "avg_reward": -106.41076961791185,
    "std_reward": 19.390723026759876,
    "final_avg_reward": -90.561442460673,
    "num_goals": 7,
    "goal_rate": 0.014,
    "avg_steps_to_goal": 2405.4285714285716,
    "best_steps_to_goal": 104,
    "total_steps": 16838,
    "training_time": 76.61968278884888,
    "convergence_episode": 65,
    "action_counts": [
      10499,
      2770,
      3569
    ],
    "action_percentages": [
      62.353011046442575,
      16.450884903195153,
      21.196104050362276
    ],
    "reward_trend": "unknown",
    "learning_stability": 0.1822251929610693
  },
  "rewards_history": [
    -119.11398589638713,
    -132.4310219484733,
    -115.05722075551384,
    -125.69868821979811,
    -134.62885721322806,
    -119.31508180595691,
    -111.23289375921435,
    -125.97053485297221,
    -127.45194956090796,
    -121.01370140368842,
    -128.77762468156826,
    -109.10755919985144,
    -139.94119617682276,
    -121.7408310828193,
    -127.67839114316534,
    -107.9062255361905,
    -77.14217001323969,
    -122.81849619813165,
    -129.926789546867,
    -137.63480341391502,
    -105.6526401948127,
    -86.50500898760946,
    -121.53263908390656,
    -120.72865056631905,
    -114.61049614066842,
    -93.65216618683779,
    -100.14873138630489,
    -106.35497184673645,
    -94.83270296208251,
    -117.48856236962155,
    -135.72567910019265,
    -115.6135488276251,
    -108.96988793192457,
    -131.24574999639322,
    -120.28776048144795,
    -62.96108942817105,
    -114.93718064609806,
    -104.48175512757746,
    -99.7019961061515,
    -126.38748266119701,
    -40.66292941422981,
    -102.88585999188741,
    -114.59362454963662,
    -113.3461947609491,
    -94.02015287744281,
    -114.45527045501358,
    -125.90390114341659,
    -116.0117981308826,
    -111.5739787988635,
    -98.98897847083568,
    -87.97589696133204,
    -102.07449199367764,
    -103.10783138074555,
    -124.81668224017103,
    -130.22366460027933,
    -83.99991002711323,
    -111.25454580734251,
    -111.11023884933552,
    -103.52665679592941,
    -98.66608958617452,
    -94.24277676120838,
    -99.38474304968317,
    -92.28453197873829,
    -95.09296724598843,
    -98.69581340335596,
    -49.503801328649246,
    -70.75423620365919,
    -108.37780563659005,
    -115.4730520099641,
    -105.9602706590101,
    -87.64950147552635,
    -99.60157087420968,
    -108.30884290525283,
    -101.74561390787366,
    -93.19801191340072,
    -102.66845103065508,
    -114.96695530241237,
    -83.32028249321142,
    -101.98851230109902,
    -89.03505144730718,
    -105.15392325340333,
    -95.72687437426377,
    -45.67509735147945,
    -114.16137173660749,
    -89.84792923660295,
    -82.90277998462084
  ],
  "model_path": "experiment_results\\model_exp_dudqn_direction_markthal_mem20000_6626_20250625_105825.pth",
  "timestamp": "2025-06-25T10:59:42.822372",
  "device": "cpu"
}