{
  "experiment_id": "exp_dudqn_distance_nexus_mem20000_2381_20250625_110051",
  "mlflow_run_id": "2616db8a80664a2ab7bcdf546361f583",
  "config": {
    "episodes": 500,
    "max_steps": 200,
    "seed": 42,
    "batch_size": 32,
    "memory_size": 20000,
    "lr": 0.0005,
    "gamma": 1.0,
    "epsilon_init": 0.95,
    "epsilon_min": 0.2,
    "hidden_dim": 128,
    "target_sync_freq": 50,
    "detect_range": 4,
    "goal_threshold": 15.0,
    "use_distance": true,
    "use_direction": false,
    "use_stalling": false,
    "destination": 3,
    "name": "dudqn_distance_nexus_mem20000",
    "description": "",
    "tags": []
  },
  "metrics": {
    "best_reward": -62.56414019710957,
    "best_episode": 59,
    "avg_reward": -111.13623752319266,
    "std_reward": 18.719044120181625,
    "final_avg_reward": -99.80764955226321,
    "num_goals": 0,
    "goal_rate": 0.0,
    "avg_steps_to_goal": 0.0,
    "best_steps_to_goal": null,
    "total_steps": 14800,
    "training_time": 67.35840630531311,
    "convergence_episode": 53,
    "action_counts": [
      9339,
      2659,
      2802
    ],
    "action_percentages": [
      63.101351351351354,
      17.966216216216218,
      18.932432432432435
    ],
    "reward_trend": "unknown",
    "learning_stability": 0.16843330795929823
  },
  "rewards_history": [
    -139.46825630920955,
    -125.52567142550637,
    -118.76565708141428,
    -113.50785653733575,
    -118.54498533308002,
    -123.36493225176122,
    -135.92799227227835,
    -131.78816052020198,
    -134.0682563092095,
    -121.13435320349552,
    -132.2481411757123,
    -107.33831189471132,
    -145.06125377007578,
    -117.07636483797896,
    -130.19468322342402,
    -100.6554207933538,
    -77.19898598892146,
    -136.72179293109795,
    -132.40305709776337,
    -139.2684504419898,
    -120.95056752699391,
    -108.38303070716093,
    -114.7711756799434,
    -110.66285800116508,
    -63.937369245194674,
    -102.37154088632266,
    -102.21652579402131,
    -123.17591058733295,
    -94.50558478050928,
    -142.0876931834807,
    -127.66612564254086,
    -97.64083123064965,
    -97.63300755207946,
    -126.24744462849537,
    -129.11283470876165,
    -122.86406316682428,
    -99.23790733295927,
    -96.52026157000921,
    -137.9866029162519,
    -126.07501618732036,
    -120.93939287934839,
    -121.49228051200726,
    -102.4103510415272,
    -112.80754793497869,
    -91.47796984634078,
    -93.67408638298966,
    -101.83684065221392,
    -122.14965861318709,
    -105.65810604613596,
    -94.09441269401998,
    -112.19554993869711,
    -90.38265722306286,
    -128.47738397000572,
    -129.6843747809378,
    -83.9293336995349,
    -121.65278921589193,
    -102.75754170215231,
    -109.76658689495021,
    -87.3768720475741,
    -62.56414019710957,
    -123.46428030921282,
    -81.34407065987301,
    -90.34507633136059,
    -105.5304192950178,
    -114.15627148994758,
    -105.3277677517752,
    -85.62333301402406,
    -82.02092714396728,
    -97.92836475892673,
    -92.67507013456299,
    -132.2329687214656,
    -88.28941275193048,
    -92.36984105031752,
    -113.13696230467193
  ],
  "model_path": "experiment_results\\model_exp_dudqn_distance_nexus_mem20000_2381_20250625_110051.pth",
  "timestamp": "2025-06-25T11:01:58.860578",
  "device": "cpu"
}