{
  "experiment_id": "exp_dudqn_direction_markthal_mem10000_3207_20250625_104725",
  "mlflow_run_id": "14f1ff1e7d3d4d5fa6ff20ebec7949a5",
  "config": {
    "episodes": 500,
    "max_steps": 200,
    "seed": 42,
    "batch_size": 32,
    "memory_size": 10000,
    "lr": 0.0005,
    "gamma": 1.0,
    "epsilon_init": 0.95,
    "epsilon_min": 0.2,
    "hidden_dim": 128,
    "target_sync_freq": 50,
    "detect_range": 4,
    "goal_threshold": 15.0,
    "use_distance": false,
    "use_direction": true,
    "use_stalling": false,
    "destination": 1,
    "name": "dudqn_direction_markthal_mem10000",
    "description": "",
    "tags": []
  },
  "metrics": {
    "best_reward": -40.66292941422981,
    "best_episode": 40,
    "avg_reward": -109.0353711247953,
    "std_reward": 17.747252471128082,
    "final_avg_reward": -107.7438638819232,
    "num_goals": 5,
    "goal_rate": 0.01,
    "avg_steps_to_goal": 3389.4,
    "best_steps_to_goal": 104,
    "total_steps": 16947,
    "training_time": 85.24434804916382,
    "convergence_episode": 65,
    "action_counts": [
      10616,
      2786,
      3545
    ],
    "action_percentages": [
      62.64235557915855,
      16.4394878149525,
      20.91815660588895
    ],
    "reward_trend": "unknown",
    "learning_stability": 0.16276601150662978
  },
  "rewards_history": [
    -119.11398589638713,
    -132.4310219484733,
    -115.05722075551384,
    -125.69868821979811,
    -134.62885721322806,
    -119.31508180595691,
    -111.23289375921435,
    -125.97053485297221,
    -127.45194956090796,
    -121.01370140368842,
    -128.77762468156826,
    -109.10755919985144,
    -139.94119617682276,
    -121.7408310828193,
    -127.67839114316534,
    -107.9062255361905,
    -77.14217001323969,
    -122.81849619813165,
    -129.926789546867,
    -137.63480341391502,
    -105.6526401948127,
    -86.50500898760946,
    -121.53263908390656,
    -120.72865056631905,
    -114.61049614066842,
    -93.65216618683779,
    -100.14873138630489,
    -106.35497184673645,
    -94.83270296208251,
    -117.48856236962155,
    -135.72567910019265,
    -115.6135488276251,
    -108.96988793192457,
    -131.24574999639322,
    -120.28776048144795,
    -62.96108942817105,
    -114.93718064609806,
    -104.48175512757746,
    -99.7019961061515,
    -126.38748266119701,
    -40.66292941422981,
    -102.88585999188741,
    -114.59362454963662,
    -113.3461947609491,
    -94.02015287744281,
    -114.45527045501358,
    -125.90390114341659,
    -116.0117981308826,
    -111.5739787988635,
    -98.98897847083568,
    -87.97589696133204,
    -84.71155473268948,
    -110.52829440338989,
    -123.80221692336187,
    -104.78463134691603,
    -95.73769625853471,
    -100.83551191867511,
    -105.1098941512566,
    -96.42585636496405,
    -89.96329398489834,
    -103.50033506515005,
    -106.61937408989156,
    -116.57392114500612,
    -105.68194959707625,
    -86.19667070889673,
    -86.4635488867717,
    -108.46499010575238,
    -106.53474695967097,
    -96.01938650166545,
    -128.40997348684988,
    -113.06286450997187,
    -116.56720765046343,
    -126.31342684945189,
    -113.25555115285779,
    -56.33398741568842,
    -114.70807079731821,
    -90.2815559779764,
    -91.37918669698583,
    -79.52052174155511,
    -104.57513405753242,
    -92.89586599834959,
    -125.79978149951579,
    -117.61107132634753,
    -100.90668178868509,
    -119.39501987481997,
    -121.24683476858016
  ],
  "model_path": "experiment_results\\model_exp_dudqn_direction_markthal_mem10000_3207_20250625_104725.pth",
  "timestamp": "2025-06-25T10:48:51.426812",
  "device": "cpu"
}