{
  "experiment_id": "exp_dudqn_distance_auditorium_mem10000_517_20250625_104133",
  "mlflow_run_id": "52753d1da0d04c9da86e7fb9b6802272",
  "config": {
    "episodes": 500,
    "max_steps": 200,
    "seed": 42,
    "batch_size": 32,
    "memory_size": 10000,
    "lr": 0.0005,
    "gamma": 1.0,
    "epsilon_init": 0.95,
    "epsilon_min": 0.2,
    "hidden_dim": 128,
    "target_sync_freq": 50,
    "detect_range": 4,
    "goal_threshold": 15.0,
    "use_distance": true,
    "use_direction": false,
    "use_stalling": false,
    "destination": 2,
    "name": "dudqn_distance_auditorium_mem10000",
    "description": "",
    "tags": []
  },
  "metrics": {
    "best_reward": -80.30476582552451,
    "best_episode": 65,
    "avg_reward": -117.30541354471573,
    "std_reward": 14.241439218567406,
    "final_avg_reward": -94.33262143178679,
    "num_goals": 0,
    "goal_rate": 0.0,
    "avg_steps_to_goal": 0.0,
    "best_steps_to_goal": null,
    "total_steps": 14200,
    "training_time": 80.60792207717896,
    "convergence_episode": 50,
    "action_counts": [
      8965,
      2673,
      2562
    ],
    "action_percentages": [
      63.13380281690141,
      18.823943661971832,
      18.04225352112676
    ],
    "reward_trend": "unknown",
    "learning_stability": 0.12140479103412138
  },
  "rewards_history": [
    -115.97789040957778,
    -118.63538696398354,
    -116.68702933490637,
    -145.46806537687368,
    -133.8210618441378,
    -113.06996656401587,
    -131.64432739230153,
    -115.59603989222303,
    -128.49988620304217,
    -132.083390237728,
    -108.42969401643002,
    -127.80344645012191,
    -144.12876724851856,
    -117.17452038418314,
    -113.58540351510618,
    -121.2501789264488,
    -128.96455265440198,
    -133.90360018237584,
    -120.37200927289635,
    -135.68339023772802,
    -124.69980604170563,
    -115.02917815346034,
    -116.93574995325147,
    -124.34833501850503,
    -123.36260598071036,
    -116.22054057827927,
    -124.1310390654715,
    -135.20939805657562,
    -120.3397139719891,
    -136.3555093384726,
    -124.34250783726858,
    -121.64647622560148,
    -128.55975678383226,
    -80.463562000025,
    -123.94568415948366,
    -115.91878286103986,
    -118.97231969870839,
    -119.53101454316895,
    -125.79988620304218,
    -107.66873300528361,
    -139.73647947557544,
    -125.42362224539542,
    -132.15620875088226,
    -116.06204216476489,
    -133.0490469239731,
    -124.64894527667524,
    -109.39900538850299,
    -111.6022997935459,
    -124.94648436699947,
    -107.58694180633913,
    -95.0680823161965,
    -126.07924832447206,
    -108.95138790012003,
    -122.88798814232709,
    -110.19984214775857,
    -117.49980604170563,
    -101.58773118051768,
    -102.30841781071511,
    -106.14990734782424,
    -116.83690712837448,
    -121.61974564205991,
    -89.21733239474894,
    -117.61298847772618,
    -101.4663440222326,
    -118.81864738911992,
    -80.30476582552451,
    -89.39343531870792,
    -103.05007882232518,
    -90.83542522751083,
    -92.56992358371285,
    -85.35607385560624
  ],
  "model_path": "experiment_results\\model_exp_dudqn_distance_auditorium_mem10000_517_20250625_104133.pth",
  "timestamp": "2025-06-25T10:42:54.638417",
  "device": "cpu"
}