{
  "experiment_id": "exp_dudqn_direction_auditorium_mem20000_7764_20250625_105431",
  "mlflow_run_id": "5fc2df63a6eb4a258538c521d7be28bb",
  "config": {
    "episodes": 500,
    "max_steps": 200,
    "seed": 42,
    "batch_size": 32,
    "memory_size": 20000,
    "lr": 0.0005,
    "gamma": 1.0,
    "epsilon_init": 0.95,
    "epsilon_min": 0.2,
    "hidden_dim": 128,
    "target_sync_freq": 50,
    "detect_range": 4,
    "goal_threshold": 15.0,
    "use_distance": false,
    "use_direction": true,
    "use_stalling": false,
    "destination": 2,
    "name": "dudqn_direction_auditorium_mem20000",
    "description": "",
    "tags": []
  },
  "metrics": {
    "best_reward": -80.24857729022891,
    "best_episode": 69,
    "avg_reward": -119.64294773784809,
    "std_reward": 12.617146538610788,
    "final_avg_reward": -104.28415451963826,
    "num_goals": 0,
    "goal_rate": 0.0,
    "avg_steps_to_goal": 0.0,
    "best_steps_to_goal": null,
    "total_steps": 14200,
    "training_time": 66.59018278121948,
    "convergence_episode": 50,
    "action_counts": [
      9006,
      2561,
      2633
    ],
    "action_percentages": [
      63.42253521126761,
      18.035211267605632,
      18.54225352112676
    ],
    "reward_trend": "unknown",
    "learning_stability": 0.10545666733534896
  },
  "rewards_history": [
    -128.254658236989,
    -127.8461244839476,
    -118.56584861121925,
    -113.60198865037859,
    -139.2379954818312,
    -123.10845996018617,
    -120.57048397384726,
    -134.7830277040107,
    -123.16912499661991,
    -128.46437606060377,
    -134.68782242890754,
    -119.69688408310948,
    -144.82043063881716,
    -122.12051539115403,
    -124.39891635710046,
    -121.52440788725968,
    -130.22986879318105,
    -137.41789256977202,
    -130.13384585579166,
    -138.50635621293875,
    -114.94929506628732,
    -119.40954159520199,
    -128.60752720414052,
    -136.18874980442638,
    -113.54431847623849,
    -112.53019203455875,
    -130.28224122404765,
    -120.08074416955918,
    -102.41775795893963,
    -139.17613763668143,
    -128.4823606533016,
    -117.28823782747604,
    -127.71110665429306,
    -112.44355136014076,
    -124.13370301747399,
    -127.81202217383769,
    -109.26670824455319,
    -101.14399235479388,
    -132.70256654750193,
    -105.96728380340808,
    -127.06583632914486,
    -116.98730766761854,
    -133.68517120060687,
    -136.80547380409132,
    -119.37731990602919,
    -129.96748384077694,
    -130.77381593459359,
    -122.00144595544934,
    -119.26019046513908,
    -125.32320574821836,
    -109.15583068916402,
    -126.63800365960049,
    -103.23341721230368,
    -134.37381993237142,
    -111.75576381513707,
    -104.83211421915475,
    -124.82564196955795,
    -103.12196806007546,
    -102.64955998674164,
    -104.77001207180753,
    -100.24908630977711,
    -99.23859613705825,
    -106.92351503652431,
    -106.36856161427863,
    -116.56047648040739,
    -110.69033988144015,
    -106.41526124753655,
    -104.71525364445365,
    -96.97798666278017,
    -80.24857729022891,
    -114.38118643062103
  ],
  "model_path": "experiment_results\\model_exp_dudqn_direction_auditorium_mem20000_7764_20250625_105431.pth",
  "timestamp": "2025-06-25T10:55:38.722301",
  "device": "cpu"
}