{
  "experiment_id": "exp_dudqn_distance_auditorium_mem20000_2390_20250625_105326",
  "mlflow_run_id": "545e667b88054e618e4874c1c500dd2e",
  "config": {
    "episodes": 500,
    "max_steps": 200,
    "seed": 42,
    "batch_size": 32,
    "memory_size": 20000,
    "lr": 0.0005,
    "gamma": 1.0,
    "epsilon_init": 0.95,
    "epsilon_min": 0.2,
    "hidden_dim": 128,
    "target_sync_freq": 50,
    "detect_range": 4,
    "goal_threshold": 15.0,
    "use_distance": true,
    "use_direction": false,
    "use_stalling": false,
    "destination": 2,
    "name": "dudqn_distance_auditorium_mem20000",
    "description": "",
    "tags": []
  },
  "metrics": {
    "best_reward": -73.92675870878772,
    "best_episode": 67,
    "avg_reward": -117.07776567118287,
    "std_reward": 14.819807141086576,
    "final_avg_reward": -95.037777244135,
    "num_goals": 0,
    "goal_rate": 0.0,
    "avg_steps_to_goal": 0.0,
    "best_steps_to_goal": null,
    "total_steps": 14200,
    "training_time": 65.33018064498901,
    "convergence_episode": 50,
    "action_counts": [
      8965,
      2563,
      2672
    ],
    "action_percentages": [
      63.13380281690141,
      18.049295774647884,
      18.816901408450704
    ],
    "reward_trend": "unknown",
    "learning_stability": 0.12658088456102365
  },
  "rewards_history": [
    -115.97789040957778,
    -118.63538696398354,
    -116.68702933490637,
    -145.46806537687368,
    -133.8210618441378,
    -113.06996656401587,
    -131.64432739230153,
    -115.59603989222303,
    -128.49988620304217,
    -132.083390237728,
    -108.42969401643002,
    -127.80344645012191,
    -144.12876724851856,
    -117.17452038418314,
    -113.58540351510618,
    -121.2501789264488,
    -128.96455265440198,
    -133.90360018237584,
    -120.37200927289635,
    -135.68339023772802,
    -124.69980604170563,
    -115.02917815346034,
    -116.93574995325147,
    -124.34833501850503,
    -123.36260598071036,
    -116.22054057827927,
    -124.1310390654715,
    -135.20939805657562,
    -120.3397139719891,
    -136.3555093384726,
    -124.34250783726858,
    -121.64647622560148,
    -128.55975678383226,
    -80.463562000025,
    -123.94568415948366,
    -115.91878286103986,
    -118.97231969870839,
    -119.53101454316895,
    -125.79988620304218,
    -107.66873300528361,
    -139.73647947557544,
    -125.42362224539542,
    -132.15620875088226,
    -116.06204216476489,
    -133.0490469239731,
    -124.64894527667524,
    -109.39900538850299,
    -111.6022997935459,
    -124.94648436699947,
    -107.58694180633913,
    -109.66219923732453,
    -124.42996024572025,
    -118.80609289332764,
    -118.70560324597777,
    -95.51901444097571,
    -115.01396299770146,
    -101.7129848590477,
    -81.40705187000508,
    -109.96262572775035,
    -124.66866529120435,
    -106.59680596977726,
    -89.10071387238557,
    -114.74323159671259,
    -106.05772692159934,
    -97.5033856529393,
    -103.37985059609755,
    -75.43066936824202,
    -73.92675870878772,
    -101.78850422959496,
    -94.4708818079644,
    -118.76439034531917
  ],
  "model_path": "experiment_results\\model_exp_dudqn_distance_auditorium_mem20000_2390_20250625_105326.pth",
  "timestamp": "2025-06-25T10:54:31.801721",
  "device": "cpu"
}