{
  "experiment_id": "exp_location_markthal_3563_20250622_181904",
  "mlflow_run_id": "301811222e7047beb09a89a4b7507f64",
  "config": {
    "episodes": 500,
    "max_steps": 200,
    "seed": 42,
    "batch_size": 32,
    "memory_size": 10000,
    "lr": 0.0005,
    "gamma": 1.0,
    "epsilon_init": 0.95,
    "epsilon_min": 0.2,
    "hidden_dim": 128,
    "target_sync_freq": 50,
    "detect_range": 4,
    "goal_threshold": 15.0,
    "use_distance": true,
    "use_direction": false,
    "use_stalling": false,
    "destination": 1,
    "name": "location_markthal",
    "description": "",
    "tags": []
  },
  "metrics": {
    "best_reward": 19.51670736423764,
    "best_episode": 451,
    "avg_reward": -42.67503568415642,
    "std_reward": 44.74125805611147,
    "final_avg_reward": 7.747848477381232,
    "num_goals": 201,
    "goal_rate": 0.402,
    "avg_steps_to_goal": 404.70646766169153,
    "best_steps_to_goal": 41,
    "total_steps": 81346,
    "training_time": 304.73782181739807,
    "convergence_episode": 184,
    "action_counts": [
      37772,
      19568,
      24006
    ],
    "action_percentages": [
      46.433752120571384,
      24.05527008088904,
      29.51097779853957
    ],
    "reward_trend": "improving",
    "learning_stability": 1.0484175897882648
  },
  "rewards_history": [
    -138.0742740166161,
    -104.25584331410917,
    -119.90000075360317,
    -113.12919529899494,
    -137.90909475371978,
    -119.27900891506854,
    -120.49230167029084,
    -129.52683683196753,
    -122.07061187029949,
    -102.82390914235495,
    -119.07930169508988,
    -106.84572128648779,
    -146.726275612782,
    -119.30032925598512,
    -127.84490820658634,
    -99.59961411022276,
    -131.4343718700366,
    -125.87659894889502,
    -119.61752370150623,
    -139.04278633301988,
    -132.8166704218728,
    -136.33405395104623,
    -127.93120739509578,
    -119.96286060714282,
    -100.29644642682031,
    -124.82932130967293,
    -129.88532905114852,
    -139.4231066841507,
    -97.54754391434989,
    -109.68474101385662,
    -126.81555504485051,
    -107.25014740639732,
    -97.4707980995061,
    -131.1603354459019,
    -131.17978232269678,
    -91.70142722854033,
    -85.15375113649546,
    -96.38119767452038,
    -103.58969878583017,
    -126.99534218064028,
    -107.72354085373354,
    -130.3189539456419,
    -95.42185604143876,
    -83.31392184729638,
    -118.00325749703791,
    -89.2956917507875,
    -119.67536793665255,
    -100.08712321745986,
    -90.4373653856775,
    -114.65044266626401,
    -75.28218393414977,
    -106.03832673646347,
    -126.21315428144037,
    -119.19176166277067,
    -112.77747972786125,
    -82.63465057714139,
    -87.82826361245797,
    -117.75644391679958,
    -99.17893900465656,
    -77.194320967887,
    -119.9080795598296,
    -110.3508782568618,
    -75.36570087984317,
    -113.33407844593718,
    -120.72350935388407,
    -95.67363812300528,
    -77.82028075038255,
    -87.79375721690734,
    -88.44700604091807,
    -81.25838113368155,
    -85.11724112640385,
    -94.27385685445074,
    -90.64416120486476,
    -114.7152299550115,
    -92.36056324180628,
    -94.95977256093951,
    -80.58508647814008,
    -115.39598664580788,
    -88.10459312383816,
    -72.26710851011543,
    -113.49707690493592,
    -79.42259564065348,
    -82.81680968983854,
    -91.24781696210917,
    -86.57927197664202,
    -91.08070390171888,
    -88.77551588945093,
    -108.14588791124721,
    -85.76302467694676,
    -81.93893568528131,
    -92.50629631160702,
    -87.11429900025759,
    -79.41039087325997,
    -94.13079990021188,
    -87.48092860180793,
    -86.2502045949514,
    -81.41049180977622,
    -82.75720208353172,
    -107.20499312278801,
    -75.56574700597764,
    -80.20453929972977,
    -94.24495860038819,
    -78.30547172007292,
    -91.28360831776858,
    -87.45616421781133,
    -68.62344966352344,
    -76.76395015238228,
    -79.4169234836559,
    -82.63126640279593,
    -65.5155129496069,
    -78.25632683811463,
    -91.62206917624758,
    -81.82209849850133,
    -68.14138433993855,
    -72.34666018981103,
    -70.03211858577643,
    -90.93416533572672,
    -77.87537206430807,
    -79.95516798522961,
    -108.59199631477831,
    -68.7071094486366,
    -88.54298289933868,
    -69.17700009609291,
    -67.56268090239968,
    -70.08867602246642,
    -73.4855624470518,
    -69.2627432054337,
    -78.85629231603876,
    -47.60358432255414,
    -77.61806192792773,
    -58.318890994271385,
    -82.19554888862149,
    -75.35990622965618,
    -72.93708847937287,
    -51.20949098682436,
    -52.23434445152757,
    -68.90169223459534,
    -48.12187399836063,
    -62.64312644924139,
    -53.403105727266,
    -83.45694614970725,
    -68.08973745285412,
    -84.29494160232942,
    -68.09011037219358,
    -74.79992159842155,
    -57.4469931456171,
    -70.97854618988217,
    -67.70889219776123,
    -76.38296509040798,
    -55.45960973190417,
    -76.01748162294187,
    -56.11905922483901,
    -76.13197182490501,
    -60.85169034382598,
    -63.153619273262564,
    -63.13973245366689,
    -67.73274278309745,
    -57.712434290406875,
    -63.186163285722266,
    -19.256442122492484,
    -57.045613193927366,
    -40.612885394487826,
    -76.02044972278811,
    -45.969205820710435,
    -64.13945819525263,
    -89.4722192191106,
    -79.83620703615895,
    -59.252542733843505,
    5.900046546977826,
    -92.54468681417254,
    -71.30128823725526,
    -89.77330338750099,
    -79.33929191492686,
    -64.92776494867941,
    -47.31059448059912,
    -64.07432791250491,
    -67.39871676291679,
    -89.78410093405876,
    -14.448293712609495,
    -63.965924118026756,
    -71.75218564681305,
    -98.73690051317892,
    6.052246374454373,
    -64.4772475168482,
    -46.42589680920993,
    -56.289890417567534,
    -9.857350342363493,
    -64.89938650547899,
    -56.04614774539803,
    -56.234673045144916,
    -106.61158646728786,
    -63.61608125980697,
    -47.56002657491711,
    -45.28906990881469,
    -14.843594816675658,
    -54.365850501432455,
    -48.803318587104215,
    -51.983003246225046,
    -37.06346346891959,
    -30.171748672593758,
    -29.72938962281071,
    -45.02187409425352,
    -48.07413314038048,
    -55.9158593628549,
    -39.72731598646567,
    -39.490708794719325,
    -37.968031408693136,
    -47.94413612555804,
    -59.37882181672882,
    -88.20792662315716,
    -73.1349920464642,
    -35.11087745922252,
    -11.737448677721293,
    -40.42285842342622,
    -34.93385889687243,
    4.132009098869433,
    -57.8319435958925,
    -50.848492303822766,
    -58.73678377170683,
    -36.609793315496745,
    -57.41365679261494,
    -47.58172118538267,
    -61.32353684245104,
    -57.25386827471993,
    1.2741113670591315,
    -51.33192612311426,
    -39.465807048541706,
    -45.560167619523675,
    -90.96509219553064,
    -42.26280389430426,
    -65.58962477129239,
    -60.94952673268446,
    -54.690799798870415,
    -88.48378076365552,
    -52.74288095019307,
    -39.92023175584377,
    -57.76144975899367,
    -35.76084189415385,
    -73.93316857118836,
    -49.82829763676025,
    -39.836235562263845,
    -29.93688053105937,
    -52.40065968268579,
    -42.90355932502303,
    -39.272459478307404,
    -39.97893734733755,
    -58.190327865781825,
    -46.47905988063545,
    -80.7965121506355,
    -31.477791369343763,
    -59.71889243485183,
    1.0299724640003491,
    -44.39954405180257,
    -72.983690188759,
    -44.9964051467687,
    -19.22321160847156,
    -24.585275873943342,
    -45.92119084855482,
    -30.12549869545947,
    -15.597317533451594,
    -21.60396699865351,
    -36.52267663695425,
    -3.5488450716738438,
    -17.63854840455728,
    -17.054245029305388,
    -18.82176666065629,
    0.7423318567330659,
    1.0266079672616368,
    -62.542211276713175,
    -11.455125261947739,
    -20.392976237279715,
    6.030665971047382,
    -46.17446165972843,
    11.191578962994566,
    -32.91355404590499,
    -76.01732453273159,
