{
  "experiment_id": "exp_location_easy_location_7030_20250622_181613",
  "mlflow_run_id": "c1db64935f304f4fa34172c97eb47aee",
  "config": {
    "episodes": 500,
    "max_steps": 200,
    "seed": 42,
    "batch_size": 32,
    "memory_size": 10000,
    "lr": 0.0005,
    "gamma": 1.0,
    "epsilon_init": 0.95,
    "epsilon_min": 0.2,
    "hidden_dim": 128,
    "target_sync_freq": 50,
    "detect_range": 4,
    "goal_threshold": 15.0,
    "use_distance": true,
    "use_direction": false,
    "use_stalling": false,
    "destination": 0,
    "name": "location_easy_location",
    "description": "",
    "tags": []
  },
  "metrics": {
    "best_reward": 8.68597172782348,
    "best_episode": 187,
    "avg_reward": -26.70353082281394,
    "std_reward": 38.91570057827381,
    "final_avg_reward": -7.680443719897235,
    "num_goals": 399,
    "goal_rate": 0.798,
    "avg_steps_to_goal": 117.1203007518797,
    "best_steps_to_goal": 12,
    "total_steps": 46731,
    "training_time": 168.9154827594757,
    "convergence_episode": 96,
    "action_counts": [
      18752,
      12794,
      15185
    ],
    "action_percentages": [
      40.12753846483063,
      27.377971796024053,
      32.49448973914532
    ],
    "reward_trend": "improving",
    "learning_stability": 1.4573241582355283
  },
  "rewards_history": [
    -136.10557204632454,
    -32.675960127803016,
    -130.22215082641392,
    -68.58703425254409,
    -75.14419663141318,
    -128.67633657181864,
    -136.40521411936672,
    -18.53190184149425,
    -70.90793856440098,
    -93.55917568808849,
    -100.65820324958042,
    -45.5338997265309,
    -42.8002137749511,
    -131.8112804402826,
    -124.51272564573185,
    -19.26747919651406,
    -138.13031459171265,
    -137.2769214791196,
    -128.3572636551051,
    -124.82909543499683,
    -115.57913310606268,
    -53.67675273644426,
    -37.52278653943742,
    -133.12614624244077,
    0.05580336858677626,
    -132.5453435005679,
    -129.20521411936673,
    -45.35917568808861,
    -133.10122914416132,
    2.2466873007311063,
    -80.58791594476061,
    -62.80977144651068,
    -3.62278653943741,
    -115.77398742818407,
    -126.1001203386034,
    -119.10977144651049,
    -8.375960127803,
    -93.28088475628857,
    -15.666501039664954,
    -131.17685967634156,
    4.166100273469117,
    -7.1338997265308794,
    -51.999579719472266,
    -2.624053733198508,
    -137.6167084425436,
    -59.88434640537379,
    -130.1566943164952,
    -23.653312699268902,
    -105.60964842968116,
    -120.72771027164598,
    -84.25551795658767,
    -32.077104424976106,
    -49.87596012780303,
    -97.77341587349925,
    1.9285895263355246,
    -10.289616527788787,
    -17.922837029508003,
    -13.465115988429279,
    -8.998863941449654,
    -116.50194027446362,
    -119.74212984241488,
    -5.403584218975336,
    -128.3641397592211,
    -37.25525427543657,
    -3.8930444907948623,
    -55.033898143911244,
    -71.96805961264539,
    -5.524829322882793,
    -11.145539305602949,
    4.5779714857162785,
    -17.254709066208513,
    -2.5010003818371542,
    -126.4612654668891,
    -32.8406910283247,
    -28.38182325456531,
    -8.12278653943741,
    -101.19394892861813,
    -21.307938564400963,
    -79.85518474206624,
    -40.16511080149022,
    -34.62278653943743,
    -21.245343500568048,
    -7.835691347718152,
    -42.8564621804141,
    3.569784632752262,
    -56.96988755069352,
    -53.297811264009326,
    -109.12631760863526,
    -63.90989369905701,
    -39.35331114368379,
    -13.545343500568034,
    -103.75184848243052,
    -23.161038105068286,
    -5.4859353105652495,
    -80.21651554795046,
    -19.245343500568044,
    -6.2671390259431305,
    -11.99133127548006,
    -105.8523990525332,
    -1.2338966182985214,
    0.6716451583716667,
    -8.56511598842927,
    1.8546564994319712,
    -13.24534350056804,
    -12.885935310565255,
    -0.8644637710348206,
    -95.21994611596737,
    -35.109467713987144,
    -14.662816946869107,
    -66.38592746359201,
    -0.12044989274749263,
    -107.33374128803308,
    -58.803465116922204,
    1.792061435599043,
    -27.107938564400968,
    -106.71719123566078,
    -111.80557280899995,
    -110.3171912356608,
    -116.30440734659328,
    -109.72893455688197,
    -111.80557280899998,
    -2.1301303834845093,
    -12.907938564400961,
    -32.54030888944513,
    -2.4370829009179173,
    0.13896189493173594,
    -112.85599854198927,
    -0.20902952201119618,
    -20.798846863677024,
    -83.16194163795996,
    2.3240398721970035,
    -58.34878966980026,
    -100.1163142568754,
    2.092061435599046,
    -80.00021377495099,
    -11.893946585361512,
    -14.979484875092353,
    -101.46024061428852,
    -83.65590156152942,
    -3.661038105068263,
    2.6334989603350505,
    -6.544237963007657,
    -65.11967828256556,
    -4.345540714386555,
    -0.20793856440095482,
    -0.47816181584982687,
    1.7240398721970034,
    3.966100273469116,
    -2.607938564400955,
    -0.8034651169221467,
    1.9772134605625893,
    0.6909704779888068,
    -2.3002137749510574,
    0.4772134605625915,
    -98.03925494784343,
    8.426209711474133,
    -12.361038105068264,
    4.235548950290864,
    -51.99947109543556,
    -75.93922768805632,
    -83.08909026594908,
    -27.550975113471594,
    -3.6338997265308794,
    -1.2079385644009548,
    -58.10034356952516,
    -7.942269845946818,
    0.151208352876969,
    4.506494953985721,
    -78.74013890553987,
    6.30611595839193,
    -19.619461247600857,
    5.768472088036561,
    -78.04888139978507,
    -2.3755989613473245,
    -2.7090295220111917,
    -12.238831449419603,
    4.39978622504894,
    2.3772134605625888,
    -90.61787185828419,
    -10.50346511692216,
    -10.225255962935456,
    -83.9943250385712,
    -13.837082900917927,
    -125.85305293423676,
    -34.5709102542036,
    -14.665847860426446,
    -89.57937240352932,
    8.68597172782348,
    -44.97302728480086,
    -69.98901366010122,
    -5.142269845946814,
    -13.322468855253852,
    -6.919014445384828,
    -106.57913330296685,
    3.145290933791493,
    4.73350045624235,
    5.1249932393228335,
    -39.642581962771416,
    0.621838184150171,
    -27.427391616951496,
    -40.60304506782767,
    -7.64372461625117,
    3.5772134605625885,
    4.996417089564373,
    3.0334989603350504,
    0.27721346056259044,
    -11.724227669894997,
    -25.69223384210497,
    -8.620856381920182,
    -2.1079370404258277,
    -2.071670403297232,
    -5.494121943789985,
    0.9452920070180468,
    -68.69443104376879,
    -3.735200828576522,
    -76.01630360113893,
    6.567643859278123,
    -1.1286188521827736,
    -12.316291553980754,
    -20.228133586269443,
    -93.19667511682786,
    -28.97500778619871,
    -23.219292904472013,
    -81.2453435005679,
    -5.254709066208504,
    -31.169417439208637,
    -4.43235614072187,
    -48.875960127803076,
    -47.065220947425956,
    -36.284081668127996,
    8.165426733487017,
    4.855684582324742,
    6.833498960335049,
    6.621838184150168,
    4.573178132922045,
    7.320587588270854,
    -4.3299751052918545,
    -27.07675273644427,
    2.692061435599043,
    -0.9228370295079902,
    7.1249932393228335,
    -64.46219670052457,
    -79.60242353248813,
    -4.522837029507983,
    2.26291852200318,
    -15.229601512671064,
    -2.369887550693477,
    -76.86694057231387,
    4.597700670043469,
    -54.55210577692051,
    -73.89920254415756,
    -8.5762633102844,
    -73.23385155264017,
    -12.199720581795788,
    -4.701959411214371,
    5.945804876556146,
    3.3867454590022197,
    1.867625168201533,
    -4.994953528467782,
    2.424039872197003,
    5.924039872197002,
    6.266426206946308,
    2.121839654622909,
    -1.0656609353239421,
    2.3048771409411115,
    8.1785741988715,
    -2.059719195915907,
    -41.15656499905181,
    -35.757432434706814,
    3.0557620369923413,
    3.1390423003503978,
    -30.87529152303344,
    -20.561038105068285,
    -79.1723830505674,
    -3.2781618158498276,
    -4.512547974325717,
