{
  "experiment_id": "exp_dudqn_stalling_markthal_mem10000_8819_20250625_104851",
  "mlflow_run_id": "35aef352aa8041eb85e1cb9e1c0d1346",
  "config": {
    "episodes": 500,
    "max_steps": 200,
    "seed": 42,
    "batch_size": 32,
    "memory_size": 10000,
    "lr": 0.0005,
    "gamma": 1.0,
    "epsilon_init": 0.95,
    "epsilon_min": 0.2,
    "hidden_dim": 128,
    "target_sync_freq": 50,
    "detect_range": 4,
    "goal_threshold": 15.0,
    "use_distance": false,
    "use_direction": false,
    "use_stalling": true,
    "destination": 1,
    "name": "dudqn_stalling_markthal_mem10000",
    "description": "",
    "tags": []
  },
  "metrics": {
    "best_reward": -90.20000000000013,
    "best_episode": 62,
    "avg_reward": -131.75352112676032,
    "std_reward": 14.416411139284111,
    "final_avg_reward": -124.74285714285692,
    "num_goals": 0,
    "goal_rate": 0.0,
    "avg_steps_to_goal": 0.0,
    "best_steps_to_goal": null,
    "total_steps": 14200,
    "training_time": 67.26885151863098,
    "convergence_episode": 50,
    "action_counts": [
      8958,
      2531,
      2711
    ],
    "action_percentages": [
      63.08450704225352,
      17.823943661971832,
      19.091549295774648
    ],
    "reward_trend": "unknown",
    "learning_stability": 0.10941955111327958
  },
  "rewards_history": [
    -155.49999999999966,
    -140.79999999999973,
    -124.89999999999976,
    -144.89999999999966,
    -124.89999999999972,
    -140.99999999999974,
    -151.29999999999956,
    -141.19999999999973,
    -121.79999999999967,
    -154.09999999999957,
    -148.29999999999964,
    -147.49999999999974,
    -164.39999999999955,
    -120.69999999999986,
    -126.3999999999998,
    -129.19999999999987,
    -118.2999999999998,
    -127.79999999999981,
    -136.59999999999965,
    -155.59999999999954,
    -148.39999999999955,
    -139.4999999999998,
    -130.09999999999968,
    -125.79999999999977,
    -144.3999999999996,
    -113.19999999999987,
    -139.49999999999972,
    -134.4999999999997,
    -113.99999999999987,
    -142.89999999999972,
    -149.19999999999962,
    -150.69999999999968,
    -126.89999999999989,
    -141.69999999999973,
    -138.1999999999998,
    -122.69999999999993,
    -149.39999999999966,
    -108.89999999999979,
    -140.9999999999997,
    -137.5999999999998,
    -144.19999999999965,
    -131.49999999999977,
    -124.49999999999976,
    -112.59999999999982,
    -123.09999999999987,
    -141.19999999999982,
    -125.59999999999974,
    -136.89999999999975,
    -137.29999999999976,
    -127.09999999999982,
    -109.30000000000004,
    -125.99999999999979,
    -150.69999999999968,
    -119.29999999999981,
    -137.4999999999998,
    -121.79999999999974,
    -126.99999999999982,
    -111.19999999999996,
    -113.7999999999999,
    -141.29999999999973,
    -116.09999999999985,
    -124.09999999999991,
    -90.20000000000013,
    -115.19999999999995,
    -134.99999999999977,
    -129.3999999999998,
    -145.69999999999965,
    -98.39999999999978,
    -117.29999999999977,
    -128.29999999999984,
    -119.09999999999987
  ],
  "model_path": "experiment_results\\model_exp_dudqn_stalling_markthal_mem10000_8819_20250625_104851.pth",
  "timestamp": "2025-06-25T10:49:59.041671",
  "device": "cpu"
}