{
  "experiment_id": "exp_location_auditorium_3254_20250624_205826",
  "mlflow_run_id": "7792ad08023c434cbb1422db2f000c9e",
  "config": {
    "episodes": 500,
    "max_steps": 200,
    "seed": 42,
    "batch_size": 32,
    "memory_size": 20000,
    "lr": 0.0005,
    "gamma": 1.0,
    "epsilon_init": 0.95,
    "epsilon_min": 0.2,
    "hidden_dim": 128,
    "target_sync_freq": 50,
    "detect_range": 4,
    "goal_threshold": 15.0,
    "use_distance": true,
    "use_direction": false,
    "use_stalling": false,
    "destination": 2,
    "name": "location_auditorium",
    "description": "",
    "tags": []
  },
  "metrics": {
    "best_reward": 22.412986207596695,
    "best_episode": 395,
    "avg_reward": -30.205960609758396,
    "std_reward": 24.74957634401419,
    "final_avg_reward": -8.285864178713867,
    "num_goals": 90,
    "goal_rate": 0.18,
    "avg_steps_to_goal": 1032.8555555555556,
    "best_steps_to_goal": 57,
    "total_steps": 92957,
    "training_time": 367.87778782844543,
    "convergence_episode": 50,
    "action_counts": [
      25273,
      33225,
      34459
    ],
    "action_percentages": [
      27.187839538711444,
      35.742332476306245,
      37.069827984982304
    ],
    "reward_trend": "improving",
    "learning_stability": 0.8193606773101116
  },
  "rewards_history": [
    -69.77005802407345,
    -81.57897884778468,
    -56.266395378520485,
    -59.41785307658103,
    -77.89342223652285,
    -60.35683313536146,
    -71.01062298978854,
    -69.95945137317905,
    -52.10144046339816,
    -63.90951478555371,
    -51.26278650879326,
    -62.603524627077654,
    -64.66544314885635,
    -61.45311566387069,
    -62.70494540682145,
    -69.7558370908446,
    -61.50745935015421,
    -61.827703505169765,
    -50.71950075776597,
    -60.266945292435224,
    -52.795055679261004,
    -56.17928642880611,
    -66.04406971564423,
    -63.30213188615406,
    -59.52635412047769,
    -65.4567045671251,
    -53.499635246795194,
    -66.23853018588252,
    -56.335383964535446,
    -32.997190547967506,
    -68.70939854111703,
    -60.70192339397894,
    -49.20515368353917,
    -62.24034380387241,
    -65.23704050432038,
    -68.06806456750338,
    -60.391227444810454,
    -58.487667216055414,
    -67.03149691792277,
    -54.576116472726746,
    -63.23592035530313,
    -78.61390854477455,
    -70.79587259760392,
    -62.40900628613212,
    -47.122636756478755,
    -60.556412370077375,
    -67.34984931100132,
    -56.11311996393114,
    -71.42249806248807,
    -53.96773519770799,
    -62.82378115027503,
    -62.301619793697505,
    -55.40440706664546,
    -51.65767953007259,
    -55.843677786574325,
    -72.44420449304369,
    -64.4768904128448,
    -66.45020724246882,
    -49.725977971145575,
    -64.69039833767268,
    -60.33041021783333,
    -53.83851697722288,
    -46.17230176881823,
    -48.43746371782118,
    -66.44610000705133,
    -60.58175961399999,
    -74.77417530406962,
    -65.4632180008457,
    -80.77697342198115,
    -70.505608029475,
    -53.0266486292184,
    -66.80000036411988,
    -70.6934222365229,
    -62.776379835556384,
    -38.39111320639106,
    -53.95896628770807,
    -52.03814178112343,
    -59.47417530406975,
    -49.177372162426664,
    -58.72537823889909,
    -62.08235826100206,
    -50.623360919669224,
    -58.853052376303914,
    -59.506229058629216,
    -57.87230385272501,
    -60.09688962766874,
    -59.926122873589556,
    -57.34440275834689,
    -47.78277366859477,
    -48.61895512221378,
    -62.924617114997844,
    -55.792483502250384,
    -59.233836234208624,
    -63.200000000000145,
    -51.72119084179305,
    -49.78240130438928,
    -66.99267251554437,
    -48.22996217720077,
    -57.39736570528789,
    -44.67280201776538,
    -48.25358667592987,
    -66.6618690896469,
    -40.87325390865699,
    -39.842278899602405,
    -66.50042716177754,
    -56.83238497716779,
    -38.9745423925484,
    -44.5104950905431,
    -41.122438730442894,
    -39.216416340355096,
    -32.22783904082424,
    -41.89725532487214,
    -41.7692154593618,
    -41.07727018159504,
    -63.85167445523408,
    -58.77189290982342,
    -50.08377652284157,
    -25.743095668514478,
    -41.31673214203454,
    -35.36667498448309,
    -53.55695390523834,
    -52.46483811761828,
    -43.534183675165565,
    -45.89738923363621,
    -46.21924492783678,
    -40.946606525711175,
    -36.712498021014746,
    -45.052209957199175,
    -29.296161757320448,
    -32.75456504671545,
    -39.41200440317784,
    -30.333852346341644,
    -31.156647486085063,
    -22.345047526467255,
    -43.505420894404146,
    -35.23793895746786,
    -17.936228114265315,
    -36.67782736767942,
    -44.06645580832828,
    -43.377371899041236,
    -25.81699772222163,
    -35.03372240340863,
    -34.90861756343232,
    -36.13760180840669,
    -44.20400441557085,
    -47.047828080142445,
    -38.3348556545421,
    -32.29126652107773,
    -33.20661697555246,
    -29.797907377424842,
    -26.172763221324107,
    -24.80452083914862,
    -31.74103724583762,
    -25.3664041301914,
    -41.832550641842424,
    -42.49009801248417,
    -33.52724016795328,
    -28.239668449666866,
    -31.279781843021112,
    -44.82441827180473,
    -32.47506669028032,
    -37.06993421816653,
    -20.36724211896813,
    -35.07769784392474,
    -59.8468528047309,
    -25.74207158843923,
    -41.53067716411866,
    -17.824450362441965,
    -31.69236072235403,
    -42.773277620744864,
    -20.641608037349016,
    -28.557546389776544,
    -33.05219043687469,
    -21.609569224007913,
    -15.826087144428229,
    -24.522664213396084,
    -17.06798943675956,
    -33.481726738181756,
    -23.172201506430948,
    -41.3268903474952,
    -48.86957057412585,
    -34.49828530405181,
    -28.854334499452964,
    -43.249919291193365,
    -16.72107996755189,
    -29.68815374555734,
    -23.246123440193795,
    -24.507188456557873,
    -13.322634007670379,
    -37.715468108382375,
    -36.00736689576208,
    -28.117669610906205,
    -32.51200202110401,
    -32.14301523079453,
    -18.164236603232375,
    -28.275766552698787,
    -17.85913429560342,
    -31.872471681797574,
    -26.08928797841951,
    -14.125693565779567,
    -28.715538515146175,
    -20.94127356795739,
    -26.926071273949187,
    -26.447770484878276,
    -28.977792913950697,
    -24.070877072454742,
    -26.79422939795006,
    -23.59198559878572,
    -29.487718028656367,
    -37.55464243477662,
    -3.7261009431600165,
    -33.657137200322715,
    1.1642268757315652,
    -36.578685387704795,
    -44.86363192904353,
    -29.360694267678134,
    -24.29065415563681,
    -13.036592569073898,
    -34.394068380602306,
    -40.01798933445799,
    -19.488436115658796,
    -36.719393323495275,
    0.6844647180041639,
    -15.107667872093378,
    -31.30231742283006,
    -23.764742847758317,
    -9.229063799041205,
    -26.423615823512023,
    -27.98460227780198,
    -27.66163981598819,
    -19.85084290371742,
    -20.73328758959347,
    -30.516882906300605,
    -16.241599713554603,
    -24.94121294168072,
    -19.01028856418693,
    -27.596807789380183,
    -36.622991636241494,
    -26.170945721968156,
    -21.27812234411527,
    -18.175059960537517,
    -27.06750896015179,
    -26.662929228322803,
    -37.842136634978786,
    -24.81181204672988,
    -32.38107666074457,
    -27.929527148623624,
    -20.58496869631604,
    -9.842812411496416,
    -11.116919939851474,
    -23.70807437923214,
    -20.74894696795576,
    -18.93795334654575,
    -15.723662951784853,
    -13.321962465606228,
    -1.9111390868384897,
    -34.78964998600427,
    -27.315713786512802,
    -22.19793390114641,
    -32.80123806866844,
    -24.959212581027366,
    -19.627458315578977,
    -38.86745339549374,
    -21.105300325551887,
    -21.040794868553508,
    -41.89581158524235,
    -15.258693888658915,
    -13.292211052207543,
    -31.653854402136247,
    -38.42483273025763,
    -22.172629207249837,
    -23.978785504120598,
    -29.232626428551033,
    -30.464770648089353,
