{
  "experiment_id": "exp_location_audi_329_20250622_182411",
  "mlflow_run_id": "c3b82bdfe4d2412d9d9d91a8cbbf967d",
  "config": {
    "episodes": 500,
    "max_steps": 200,
    "seed": 42,
    "batch_size": 32,
    "memory_size": 10000,
    "lr": 0.0005,
    "gamma": 1.0,
    "epsilon_init": 0.95,
    "epsilon_min": 0.2,
    "hidden_dim": 128,
    "target_sync_freq": 50,
    "detect_range": 4,
    "goal_threshold": 15.0,
    "use_distance": true,
    "use_direction": false,
    "use_stalling": false,
    "destination": 2,
    "name": "location_audi",
    "description": "",
    "tags": []
  },
  "metrics": {
    "best_reward": 15.161052604654431,
    "best_episode": 367,
    "avg_reward": -62.02328913751211,
    "std_reward": 34.73915970900922,
    "final_avg_reward": -30.599484699044233,
    "num_goals": 20,
    "goal_rate": 0.04,
    "avg_steps_to_goal": 4955.15,
    "best_steps_to_goal": 96,
    "total_steps": 99103,
    "training_time": 443.27747631073,
    "convergence_episode": 54,
    "action_counts": [
      42169,
      27768,
      29166
    ],
    "action_percentages": [
      42.55067959597591,
      28.019333420784438,
      29.429986983239658
    ],
    "reward_trend": "improving",
    "learning_stability": 0.5600986370134109
  },
  "rewards_history": [
    -126.14131972070672,
    -117.7891351571761,
    -113.49684154791977,
    -145.22630348066815,
    -128.2795094043481,
    -124.015701479032,
    -131.74300759940274,
    -115.83397803358048,
    -128.49988620304217,
    -132.083390237728,
    -131.35066768769033,
    -127.58339023772803,
    -144.16767561830324,
    -108.57204887422449,
    -119.58639086466717,
    -121.17234963398461,
    -113.00122107334033,
    -134.8454491627907,
    -125.90664879560924,
    -136.46636668368168,
    -128.3779128672401,
    -114.12337934439574,
    -120.11327672412726,
    -128.85578128744245,
    -113.21730018315932,
    -101.28756007007607,
    -124.9174122984877,
    -135.20939805657562,
    -119.18853140543804,
    -112.2711424646327,
    -130.94179230350522,
    -110.75814910914356,
    -102.15385695182599,
    -126.90344645012186,
    -126.70847192568931,
    -105.74701650862079,
    -128.27435465187025,
    -126.33905582178458,
    -111.48894423168451,
    -103.59095293647651,
    -142.64179230350527,
    -126.50211148519892,
    -111.55896391623877,
    -116.2570616704106,
    -132.08339023772803,
    -117.51845971615379,
    -108.15238817333147,
    -123.21136874617716,
    -118.44327027712767,
    -85.53109218459686,
    -103.75825821407253,
    -122.94288672224125,
    -124.5217291642322,
    -119.60034074818533,
    -118.50494540682121,
    -98.62896768999879,
    -117.68957277346776,
    -110.7579039382876,
    -92.2903239962756,
    -107.01670780427726,
    -115.09439380669636,
    -99.183645986154,
    -118.23881129072942,
    -104.81109536802181,
    -90.28058836272078,
    -127.92640268688012,
    -101.11862041222523,
    -90.72501853975166,
    -104.45370933318237,
    -109.75390586586607,
    -100.53231295439026,
    -107.21051661709026,
    -101.87766533953672,
    -91.76266565181241,
    -113.85275020789297,
    -103.40286221270499,
    -98.87639050263583,
    -103.67263624421403,
    -104.33653093802461,
    -103.39184358195457,
    -115.54426673862653,
    -102.13213850787447,
    -91.54990441537072,
    -106.60201166143075,
    -99.55204068296949,
    -104.18044121850247,
    -93.39656859366829,
    -88.68598294938211,
    -88.36178520113928,
    -99.83547457423941,
    -91.86018375197955,
    -76.72918110828675,
    -73.21075522056054,
    -76.6681972020754,
    -102.89702409091268,
    -72.80141975878853,
    -79.72781403559654,
    -83.56610546170592,
    -73.93887788329899,
    -75.50270266421917,
    -101.25764815805776,
    -85.3131528614607,
    -72.17361484762117,
    -71.56707531600102,
    -98.61906380180179,
    -68.36611870145434,
    -77.48995032056793,
    -81.47562390258052,
    -94.28771079286132,
    -82.62763765807077,
    -81.66212272532493,
    -80.15271988709536,
    -92.53051281483856,
    -59.48367973096993,
    -76.54585728225626,
    -78.19908724735393,
    -115.69363221322499,
    -67.70913077789021,
    -96.73129625940919,
    -84.96842014179454,
    -78.36656071739677,
    -95.66793796207773,
    -63.01169658964111,
    -75.76511861905254,
    -89.02714917135,
    -69.03964728281173,
    -77.0918552742494,
    -58.869670022617655,
    -75.92977329266171,
    -76.27615276184041,
    -55.37319167722987,
    -89.1555272722118,
    -61.45923332536535,
    -65.1560507521877,
    -66.27034572507003,
    -82.67660288201827,
    -60.66812548365791,
    -57.07274441959858,
    -52.267233451767794,
    -58.806704688697934,
    -69.37563104266263,
    -83.84362097168466,
    -55.53160166407884,
    -58.82095285207544,
    -65.98608975712769,
    -79.23437388114037,
    -80.99365390929593,
    -67.75301042344405,
    -62.7355183525887,
    -52.71940518369508,
    -83.96726058625572,
    -75.92921068311436,
    -86.44723167255765,
    -70.11740232223299,
    -83.63794861583705,
    -77.54669994761376,
    -71.386404534664,
    -79.19714048606944,
    -73.61651940217857,
    -60.357079208521085,
    -66.36560340059434,
    -62.67821691480691,
    -95.34074080423927,
    -73.89551513808136,
    -98.18257922985856,
    -49.37118262465955,
    -52.631754395036886,
    -62.60830061991752,
    -85.50026836249683,
    -58.02767333043315,
    -70.03671430983171,
    -74.8915669238684,
    -91.15963241608503,
    -47.03725023391891,
    -66.09126497753739,
    -50.37507829220375,
    -44.254981355202546,
    -78.92783575789014,
    -74.0767209862658,
    -68.68808867283764,
    -83.63383944390063,
    -96.6028007544806,
    -49.28220895584834,
    -64.30995946304012,
    -45.55605874694871,
    -58.56678950899942,
    -66.71276844506485,
    -59.19490793390802,
    -65.65840554056,
    -56.944120814625116,
    -51.02540101284037,
    -48.94287951557368,
    -118.75465752111478,
    -55.18088824552644,
    -70.14223776231984,
    -46.05560695394063,
    -77.31420000566725,
    -125.28897874608438,
    -18.557781129138945,
    -95.58688500027945,
    -63.594125542728484,
    -54.83292152789015,
    -57.2186288556333,
    -40.453119023328746,
    -56.985073195815076,
    -53.71972267403194,
    -61.78418893177294,
    -62.819523447267606,
    -55.572054900696095,
    -66.20115872183351,
    -37.57941343804293,
    -45.90545119489672,
    -44.29187893901777,
    -63.238993507957375,
    -60.90996194153659,
    -52.38163097429255,
    -53.69555349930018,
    -38.18894752689847,
    -69.44431252875165,
    -59.402518620137236,
    -83.09876413382608,
    -138.6755331639556,
    -53.659751667891165,
    -50.623683822213756,
    -26.932406787867347,
    -65.51779666410023,
    -55.17944131160438,
    -72.09621472059298,
    -40.591213546074414,
    -47.675533808749634,
    -46.185660700528864,
    -46.896133478625394,
    -69.20202281230021,
    -73.88810446239711,
    -51.1148216926312,
    -58.589633709770304,
    -51.867485510426725,
    -53.47922645734443,
    -58.6308752548789,
    -77.43279110981352,
    -85.3344728312613,
    -57.30347666746636,
    -41.43063429263618,
    -49.865715246606854,
    -38.55967399910787,
    -60.84558139789969,
    -56.57979980686111,
    -51.56096205625993,
    -33.35013834520033,
    -48.13447352296418,
    -47.66018271726397,
    -49.07974030972576,
    -50.82931702406706,
    -47.92031788040501,
    -41.91932097813265,
    -70.16381350601007,
    -53.10120314098223,
    -49.96939085716431,
    -75.03741956698539,
    -55.38720485128467,
    -40.54840151981516,
    -93.57833846555441,
    -81.74849352605656,
    -44.42282178223953,
    -49.81128353993566,
    -37.26090132533099,
    -36.793034035144984,
    -48.90651560295411,
    -31.07666434242809,
    -77.65641618426997,
    -39.40785454333479,
    -62.53691857164105,
    -44.03732766532175,
    -53.52554072118726,
    -34.75247280036914,
    -62.2410386409942,
