{
  "experiment_id": "exp_location_nexus_4016_20250623_165942",
  "mlflow_run_id": "37f66e707b6141b78834bfb3a7a6399d",
  "config": {
    "episodes": 500,
    "max_steps": 500,
    "seed": 42,
    "batch_size": 32,
    "memory_size": 20000,
    "lr": 0.0005,
    "gamma": 1.0,
    "epsilon_init": 0.95,
    "epsilon_min": 0.2,
    "hidden_dim": 128,
    "target_sync_freq": 50,
    "detect_range": 4,
    "goal_threshold": 15.0,
    "use_distance": true,
    "use_direction": false,
    "use_stalling": false,
    "destination": 3,
    "name": "location_nexus",
    "description": "",
    "tags": []
  },
  "metrics": {
    "best_reward": 34.19588548738855,
    "best_episode": 481,
    "avg_reward": -43.313937617041134,
    "std_reward": 66.0638580244075,
    "final_avg_reward": -0.2927661112670871,
    "num_goals": 335,
    "goal_rate": 0.67,
    "avg_steps_to_goal": 449.2358208955224,
    "best_steps_to_goal": 82,
    "total_steps": 150494,
    "training_time": 694.704840183258,
    "convergence_episode": 193,
    "action_counts": [
      52390,
      46699,
      51405
    ],
    "action_percentages": [
      34.8120190838173,
      31.030472975666807,
      34.1575079405159
    ],
    "reward_trend": "improving",
    "learning_stability": 1.5252332542127454
  },
  "rewards_history": [
    -172.79216582659134,
    -163.77246336688674,
    -174.35713428287227,
    -171.56320464977316,
    -161.28846569761532,
    -165.75870618024692,
    -177.20442283653097,
    -171.5333871982905,
    -174.37693266706728,
    -142.6847767013563,
    -143.51431505077366,
    -169.00990674251696,
    -171.5682573863229,
    -160.99826270820768,
    -154.31491241487439,
    -196.53480194268988,
    -157.64585440964026,
    -185.83059112265917,
    -178.89422860559182,
    -162.12703189123675,
    -170.08603081568327,
    -177.7933353153561,
    -166.15465772440032,
    -111.53517865506913,
    -169.6602958637322,
    -168.67717513807364,
    -205.6335807656897,
    -151.68285917307074,
    -141.4926688681707,
    -172.5293121459913,
    -156.14046243135434,
    -172.16497973418194,
    -155.40443334874922,
    -170.38676618585978,
    -126.14288252301706,
    -160.7833854687495,
    -146.2870502927816,
    -138.95222798654382,
    -159.1232097124601,
    -147.83310275378466,
    -155.07297283639173,
    -135.15412601983726,
    -137.62241355227923,
    -137.13977242422345,
    -146.7085167402514,
    -149.01535572301108,
    -177.7034257965961,
    -133.37648553220777,
    -122.3216995977794,
    -156.89641141519297,
    -130.55614319798806,
    -155.29806102820226,
    -126.07110788422762,
    -112.84878457375626,
    -131.06280695255913,
    -161.9800622671857,
    -111.05531782602995,
    -143.7310230679979,
    -137.8923674361096,
    -102.1866414755331,
    -125.82621191008326,
    -112.44200280830852,
    -130.3760128569407,
    -163.4750256955089,
    -87.28606946565984,
    -141.3757301797522,
    -144.5607763795546,
    -83.24884188560253,
    -56.62567968124575,
    -131.90149325245721,
    -106.59908017948166,
    -113.00690180381447,
    -120.32222256579425,
    -102.29060107974539,
    -152.01916252098513,
    -104.1529249239445,
    -117.42081301515482,
    -161.6477963972128,
    -113.97264574872032,
    -72.73924493959382,
    -99.91008326616839,
    -112.66506013991932,
    -109.3894045383834,
    -106.86509323427583,
    -36.899626754566846,
    -96.97777354803328,
    -181.19523366085485,
    -127.29496435651119,
    -108.99357259032134,
    -93.07323495773853,
    -106.9299072891792,
    -57.80561248037174,
    -125.4422708196757,
    -113.83582773881844,
    -102.51676803866063,
    -40.16871056245312,
    -90.98157508026877,
    -108.21156477182832,
    -104.29633994781685,
    -89.80599825960019,
    -81.57522175784231,
    -105.18373550110472,
    -2.975125917992562,
    -100.95814108453956,
    -31.440682946902022,
    -106.08051270017076,
    -107.78200545143123,
    -99.8575375350541,
    -56.612953542144034,
    -73.8950498680175,
    -88.11452342360093,
    -95.70857290795067,
    -35.53366036596702,
    -85.90557879417848,
    -36.117670797987465,
    -13.06181973510737,
    -107.81699622598823,
    -126.55105277880831,
    -103.89871250442863,
    -106.22478040204344,
    -77.374248789803,
    -95.97190588649843,
    -55.16698213968854,
    -13.248555557262424,
    -43.2835717532401,
    -102.94015121653747,
    -96.9208731751602,
    -13.389787329104351,
    -164.33082106545442,
    -98.8647391708738,
    3.632377160430635,
    -9.731615553686506,
    -72.67487834641501,
    -6.724409517870512,
    -156.61871078780263,
    -23.38624429554651,
    -111.95602367300602,
    -4.095799039712142,
    8.714243391782219,
    -114.36770779661789,
    4.860404046997348,
    -42.31576869751475,
    -129.68789640439584,
    -94.30730605084172,
    -124.59853411960998,
    -2.0833925587271187,
    1.2239257085720072,
    -128.0534125378673,
    -18.03660010918261,
    -38.09168597706471,
    -116.02466465787766,
    -109.56349629292815,
    7.878653570683779,
    5.207373470477294,
    9.185368095045106,
    6.94337870953704,
    -98.73454798580715,
    -8.813233727399009,
    -118.33116265055298,
    -24.714028679039842,
    -89.24592755453881,
    -16.690042059073818,
    9.753268070254776,
    6.472796040077822,
    0.5329094192080746,
    -91.53893666317508,
    -48.956937085137234,
    -19.561264665647528,
    -6.213697703715573,
    -119.46924035036453,
    -183.74976495506536,
    6.440790130597769,
    0.5346757924768193,
    -54.62660971988338,
    -21.523339820083876,
    -12.385230628507404,
    -0.6549275882802803,
    4.681439390659088,
    11.170918092777733,
    -117.41564726332153,
    -40.93613507100341,
    -16.926373368368306,
    -23.663418338827164,
    -107.15940503524436,
    -93.8226613637352,
    13.649264221438905,
    -88.01373123110446,
    8.194665715001102,
    -6.738276522775218,
    22.641902496920267,
    -79.79775048870269,
    -18.32708912281995,
    -89.24446982862614,
    -20.32224737681882,
    1.456070949488523,
    4.218660507993251,
    14.861419749735095,
    -11.081685617802467,
    -31.089599320325583,
    -86.56090257810551,
    -63.7714145521797,
    -27.182083232478256,
    20.809595701095688,
    5.630667837224602,
    -118.43154554337701,
    -30.23836739152732,
    -67.06436063005326,
    -62.82334258831379,
    -13.814307721942313,
    9.666970248402961,
    14.286669989475232,
    -107.61658542478024,
    -21.787617969971215,
    -100.02155992030771,
    -121.4009797632656,
    -11.983967636597725,
    -20.31904235432924,
    -31.002913389562252,
    8.291214702243444,
    -78.59058756478848,
    0.40902301983154743,
    -35.32640199832358,
    -7.61193020728383,
    -77.60707976025962,
    -40.85532165011125,
    -76.013270948353,
    -108.3887407947643,
    -8.480773019403477,
    -31.284102166444995,
    2.5353886813435236,
    14.61882982670664,
    -91.03559397436905,
    -18.061204523143296,
    -13.600846684327369,
    -91.79834823628856,
    13.659578884163924,
    0.7038673087585066,
    -31.204332829827372,
    4.9847688094868445,
    -38.51782350252369,
    -76.30536228022115,
    4.430740639357186,
    -88.20173890991752,
    -121.90978623281124,
    -48.592616552369776,
    -24.785738223615724,
    -24.03136323215977,
    -0.7890775391592069,
    10.338157868534228,
    -8.77150349249433,
    -12.840722285798947,
    20.705500126408726,
    -2.644354730890157,
    -175.77341591178214,
    -11.117049722593212,
    -4.904685946126348,
    -108.5354566005071,
    1.1741987163308787,
    -15.323446465384269,
    14.550372432621806,
    -14.418173579998125,
    -105.87326660218059,
    -14.920775103020347,
    -137.4171975737467,
    -168.19017259871862,
    -116.92822973979645,
    -113.44854580504834,
    0.9202771310748759,
    12.184482191957935,
    -9.294833514765685,
    -7.1822441180672385,
    5.099643794944099,
    0.6413558732073366,
    -3.95838245905467,
    -56.554494759142905,
