{
  "experiment_id": "exp_location_nexus_9805_20250624_210444",
  "mlflow_run_id": "b1e14456dd1c430cbd375d685321dffe",
  "config": {
    "episodes": 500,
    "max_steps": 200,
    "seed": 42,
    "batch_size": 32,
    "memory_size": 20000,
    "lr": 0.0005,
    "gamma": 1.0,
    "epsilon_init": 0.95,
    "epsilon_min": 0.2,
    "hidden_dim": 128,
    "target_sync_freq": 50,
    "detect_range": 4,
    "goal_threshold": 15.0,
    "use_distance": true,
    "use_direction": false,
    "use_stalling": false,
    "destination": 3,
    "name": "location_nexus",
    "description": "",
    "tags": []
  },
  "metrics": {
    "best_reward": 36.537391903012946,
    "best_episode": 410,
    "avg_reward": -18.513300808292794,
    "std_reward": 35.511848977900456,
    "final_avg_reward": 21.33077198469091,
    "num_goals": 174,
    "goal_rate": 0.348,
    "avg_steps_to_goal": 487.10919540229884,
    "best_steps_to_goal": 75,
    "total_steps": 84757,
    "training_time": 338.8736369609833,
    "convergence_episode": 50,
    "action_counts": [
      29552,
      25463,
      29742
    ],
    "action_percentages": [
      34.866736670717465,
      30.042356383543545,
      35.090906945739
    ],
    "reward_trend": "improving",
    "learning_stability": 1.918180304292003
  },
  "rewards_history": [
    -75.5682563092098,
    -61.02395881121255,
    -60.91036525347928,
    -53.65667506825004,
    -74.86428030921297,
    -81.88167410023382,
    -65.83187469907327,
    -72.50554081202066,
    -51.83344707471997,
    -66.44326319456026,
    -68.67529843202746,
    -67.5964821797283,
    -70.51474285510247,
    -68.15135488038146,
    -69.58560354235372,
    -73.90417348292655,
    -66.0823038770622,
    -71.3263861052642,
    -74.00614965150866,
    -52.27009301587135,
    -61.1405939930602,
    -73.68751485870268,
    -70.99849489800424,
    -61.89277711564882,
    -61.47452718280976,
    -70.56263613254859,
    -64.33497967432524,
    -78.21156944072575,
    -61.19523456001776,
    -69.32114725935713,
    -73.52014115006664,
    -58.48253351221552,
    -45.22695196442355,
    -59.943374792885834,
    -53.625219423406385,
    -51.79627800080658,
    -65.14223594494615,
    -58.46546004408069,
    -61.60653410652805,
    -63.955225241937086,
    -61.17410818785272,
    -78.51055211945999,
    -65.36773985462554,
    -71.42903544006379,
    -55.84199483979625,
    -64.06163216434982,
    -76.30604550549512,
    -71.59413295296832,
    -57.593208286424016,
    -75.63938741558802,
    -47.62107982096154,
    -57.58002026918428,
    -52.9977009467322,
    -57.636207778843456,
    -64.729357938089,
    -67.11215189996695,
    -55.97657191321311,
    -51.25813527842296,
    -66.70356692954996,
    -61.23689699901731,
    -40.10012960580322,
    -45.003267600260294,
    -61.64511202481449,
    -41.032452756322535,
    -37.55051558248052,
    -54.730455404083045,
    -53.91428080310457,
    -74.98207415160559,
    -57.528366964723915,
    -74.70370547160272,
    -35.33791103852085,
    -65.26001071012904,
    -68.56545615896631,
    -36.70373741474682,
    -46.756381799473075,
    -60.5012109776486,
    -55.56009842468533,
    -59.632794335817266,
    -43.6274238804438,
    -70.88777667772686,
    -46.002078666494775,
    -33.201037386339905,
    -54.832548189807724,
    -60.88005724600449,
    -36.48529808162276,
    -58.65170382059231,
    -61.56893309488104,
    -54.77117117975405,
    -57.340241514978025,
    -59.457718828132684,
    -60.90994698929829,
    -60.45920487843587,
    -59.4348019426913,
    -41.44555389562854,
    -50.22032072212962,
    -54.787515429666556,
    -47.3944643876527,
    -56.764753668802655,
    -45.855900777632506,
    -46.51940113376739,
    -57.83310425150956,
    -43.77430543944792,
    -49.463266485683455,
    -42.70375739476165,
    -66.19153539867355,
    -41.39779714141436,
    -54.33810135136521,
    -50.92917085186195,
    -40.14863951568788,
    -61.43310309717147,
    -37.412029839424804,
    -52.619659792373135,
    -66.88663139063155,
    -41.864818648326306,
    -56.88386994511096,
    -58.7617841211798,
    -22.89953280184121,
    -36.04412972578692,
    -26.10128283905198,
    -55.241965130119574,
    -64.44512401383284,
    -64.1000005712308,
    -45.66280478346047,
    -43.231541720915644,
    -32.970530440759646,
    -45.921599661305535,
    -51.794280594440224,
    -57.839110347572095,
    -41.10227944744764,
    -25.676666704135005,
    -48.17944670399335,
    -48.88657568176967,
    -60.5831199084156,
    -54.18831995205118,
    -28.339686998288226,
    -28.74087710511529,
    -40.20696961661741,
    -35.86867067253646,
    -34.87037323381029,
    -50.67707256963617,
    -46.764476534745604,
    -53.98204470093649,
    -53.224080548404416,
    -32.12132246192684,
    -55.08415592707804,
    -40.1583863643988,
    -29.656214085226225,
    -49.18017409528224,
    -33.848252600001,
    -40.74689674082386,
    -47.79247289467955,
    -36.63355943473501,
    -30.934317925809715,
    -30.844518124595137,
    -42.57143526525773,
    -27.419780188628355,
    -26.90656474869507,
    -55.14354147297737,
    -24.400795279677528,
    -27.93694292404776,
    -14.579799251370748,
    -34.08922908420836,
    -23.120808341160345,
    -37.80277925596589,
    -48.21511465807317,
    -32.247240079559866,
    -40.19116500007302,
    -22.09296871049774,
    -42.45523906965237,
    -43.72531288219454,
    -28.36206879677728,
    -26.652305101476678,
    -35.02286060488364,
    -35.4694574559445,
    -27.35099254449323,
    -47.0345883903634,
    -17.593552153518427,
    -44.830344787484606,
    -31.697673646229955,
    -37.871731135948664,
    -30.840837694734006,
    -31.040050229180295,
    -34.19389650571785,
    -44.93273214237711,
    -31.382986441480817,
    -40.982979812529805,
    -31.646996848778137,
    -39.274734110541054,
    -28.12062628000807,
    -31.124986971537208,
    -41.071766825883024,
    -39.55321383599379,
    -46.42404946527285,
    -29.533480587734477,
    -25.911929073194436,
    -19.78570156361152,
    -24.47708715002299,
    -31.352498986075986,
    -27.113543284380196,
    -31.43913255293245,
    -34.49243846702062,
    -53.015957451365765,
    -37.441961523450765,
    -14.400160835113322,
    -22.162001185487227,
    -37.12088539998318,
    -22.574933870712503,
    -25.993260680372146,
    -24.876626332857086,
    -42.44749388295836,
    -35.478233918937825,
    -34.04392740086356,
    -34.65957592601343,
    -35.32099041420656,
    -49.84213218495727,
    -18.692879558192583,
    -20.39169937182385,
    -24.302296576946226,
    -29.864165105584338,
    -18.174971582659463,
    -17.68687289862809,
    -18.712028860604864,
    -31.222555594675146,
    -23.299701421679643,
    -27.168605146028494,
    -19.66027752209827,
    -26.180838011076144,
    -18.122414731510833,
    -27.338646063390833,
    -22.265338118930647,
    -25.887061053181565,
    -24.938457594356528,
    -18.836100891203767,
    -48.409020666784514,
    -39.529909934146744,
    -26.26953140988043,
    -31.206920207237022,
    -38.19465762360421,
    -35.47444237971527,
    -29.05793289091036,
    -42.325995297435774,
    -21.855285945575982,
    -30.600487745300416,
    -31.203349452425886,
    -26.906798741840635,
    -27.630775488657484,
    -9.811929536972599,
    -31.07888685510469,
    -17.135390518126382,
    -22.64105030224944,
    -26.734458054613746,
    -28.205994856631087,
    -21.670835538887474,
    -20.529370869256702,
    -26.31286348955102,
    -24.339687331855735,
    -22.207839833573964,
    -24.51820894261749,
    -25.742874795716894,
    -16.888799617800036,
    -19.86386660363939,
    -15.753098379936064,
    -31.13736352375598,
    -21.71167718339732,
    -21.70720609883118,
    -14.782373791967279,
    -17.46180042062193,
    -17.970855863586564,
    -12.432379980746044,
    -13.822814361384967,
    -21.92147837574943,
    -14.665121140438847,
    -6.155263470403991,
    -18.447284356164467,
    -17.783444755908906,
